{"test_loss": [0.8204927444458008, 0.7330291271209717, 0.7691870927810669, 0.8014990091323853, 0.821962833404541], "test_acc": [0.0, 0.0, 0.0, 0.0, 0.0], "test_loss_cluster": [0.8204927444458008, 0.7330291271209717, 0.7691870927810669, 0.8014990091323853, 0.821962833404541], "test_acc_cluster": [0.0, 0.0, 0.0, 0.0, 0.0], "train_loss": [0.826129674911499, 0.7332510352134705, 0.7693248987197876, 0.806647539138794, 0.8281330466270447], "train_acc": [0.0, 0.0, 0.0004727014747913927, 0.0, 0.0], "train_loss_cluster": [0.826129674911499, 0.7332510352134705, 0.7693248987197876, 0.806647539138794, 0.8281330466270447], "train_acc_cluster": [0.0, 0.0, 0.0004727014747913927, 0.0, 0.0], "cluster_percentage": [0.0, 0.25, 0.5, 0.75, 1.0]}