{"test_loss": [0.25400736927986145, 0.24761101603507996, 0.262142539024353, 0.2504231035709381, 0.2443699836730957], "test_acc": [0.8965224623680115, 0.8969465494155884, 0.8946141004562378, 0.8941900134086609, 0.8956742882728577], "test_loss_cluster": [0.30821600556373596, 0.29937824606895447, 0.31617501378059387, 0.30062970519065857, 0.2948070466518402], "test_acc_cluster": [0.8743961453437805, 0.8743961453437805, 0.8699368238449097, 0.870680034160614, 0.8710516691207886], "train_loss": [0.2598535418510437, 0.2527725100517273, 0.2687106728553772, 0.25388920307159424, 0.2486664205789566], "train_acc": [0.892652690410614, 0.8934478163719177, 0.8923345804214478, 0.8907442688941956, 0.8934478163719177], "train_loss_cluster": [0.32255464792251587, 0.31258368492126465, 0.33307233452796936, 0.31104350090026855, 0.30641934275627136], "train_acc_cluster": [0.8679567575454712, 0.869474470615387, 0.8678618669509888, 0.866344153881073, 0.8699488043785095], "cluster_percentage": [0.0, 0.25, 0.5, 0.75, 1.0]}