{"0": -0.31750231431193987, "1": 0.18968159373403715, "2": -0.8103184062659629, "3": 0.18968159373403715, "4": 0.18968159373403715}