{"test_loss": [1.6918925046920776, 0.5829387903213501, 0.6737879514694214, 0.7577638030052185, 0.8087360858917236], "test_acc": [0.4655319154262543, 0.8204255104064941, 0.7651063799858093, 0.6536170244216919, 0.5412765741348267], "test_loss_cluster": [3.2928407192230225, 0.3639000356197357, 0.2839454114437103, 0.279678076505661, 0.3172485828399658], "test_acc_cluster": [0.07922912389039993, 1.0, 1.0, 0.9978586435317993, 0.9935759902000427], "train_loss": [1.74204683303833, 0.5790172219276428, 0.6604403257369995, 0.7479906678199768, 0.8061609268188477], "train_acc": [0.47594720125198364, 0.8271604776382446, 0.7726691961288452, 0.6570881009101868, 0.5425713062286377], "train_loss_cluster": [3.360053539276123, 0.3626812696456909, 0.27796250581741333, 0.2749888002872467, 0.3124483525753021], "train_acc_cluster": [0.08986415714025497, 1.0, 1.0, 1.0, 0.9968652129173279], "cluster_percentage": [0.0, 0.25, 0.5, 0.75, 1.0]}