{"test_loss": [0.8424181938171387, 0.8103273510932922, 0.8018167614936829, 0.7535757422447205, 0.9766104817390442], "test_acc": [0.0, 0.0, 0.0, 0.0, 0.0], "test_loss_cluster": [0.8424181938171387, 0.8103273510932922, 0.8018167614936829, 0.7535757422447205, 0.9766104817390442], "test_acc_cluster": [0.0, 0.0, 0.0, 0.0, 0.0], "train_loss": [0.8451939821243286, 0.8189636468887329, 0.807942807674408, 0.7575297951698303, 0.9771745204925537], "train_acc": [0.0, 0.0, 0.00909090880304575, 0.0, 0.0], "train_loss_cluster": [0.8451939821243286, 0.8189636468887329, 0.807942807674408, 0.7575297951698303, 0.9771745204925537], "train_acc_cluster": [0.0, 0.0, 0.00909090880304575, 0.0, 0.0], "cluster_percentage": [0.0, 0.25, 0.5, 0.75, 1.0]}