{"0": 0.06917100732762427, "1": 0.06917100732762427, "2": 0.06917100732762427, "3": 0.06917100732762427, "4": -0.22693632449399326}