{"test_loss": [19.48259925842285, 0.4388248920440674, 0.31106483936309814, 0.2767392694950104, 0.2379685491323471], "test_acc": [0.7680423855781555, 0.7759876251220703, 0.845729410648346, 0.8903111815452576, 0.8832487463951111], "test_loss_cluster": [0.021511467173695564, 0.0031756507232785225, 0.02156253159046173, 0.04173646122217178, 0.01849251054227352], "test_acc_cluster": [1.0, 1.0, 1.0, 1.0, 1.0], "train_loss": [19.12299346923828, 0.4249159097671509, 0.2982241213321686, 0.26467812061309814, 0.2268873155117035], "train_acc": [0.772167980670929, 0.7788997292518616, 0.8490868210792542, 0.8942227959632874, 0.8855597972869873], "train_loss_cluster": [0.02136383019387722, 0.0031852638348937035, 0.02142776921391487, 0.041584208607673645, 0.01827707141637802], "train_acc_cluster": [1.0, 1.0, 1.0, 1.0, 1.0], "cluster_percentage": [0.0, 0.25, 0.5, 0.75, 1.0]}