{"0": 0.06571428571428573, "1": 0.06571428571428573, "2": 0.06571428571428573, "3": 0.06571428571428573, "4": -0.5165641952983725}