{"test_loss": [0.22601328790187836, 0.23447303473949432, 0.20570574700832367, 0.17266234755516052, 0.17179591953754425], "test_acc": [0.9142857193946838, 0.8999999761581421, 0.9142857193946838, 0.9142857193946838, 0.9142857193946838], "test_loss_cluster": [0.318396657705307, 0.2313409447669983, 0.2218276560306549, 0.1762068271636963, 0.1697416454553604], "test_acc_cluster": [1.0, 1.0, 1.0, 1.0, 1.0], "train_loss": [0.23748476803302765, 0.2588913142681122, 0.22464492917060852, 0.1896619349718094, 0.19061021506786346], "train_acc": [0.9142857193946838, 0.8928571343421936, 0.9107142686843872, 0.9071428775787354, 0.9125000238418579], "train_loss_cluster": [0.3176083266735077, 0.2410951852798462, 0.22204679250717163, 0.18436826765537262, 0.1737983673810959], "train_acc_cluster": [1.0, 0.9876543283462524, 1.0, 1.0, 1.0], "cluster_percentage": [0.0, 0.25, 0.5, 0.75, 1.0]}