{"0": 0.04669227486128891, "1": 0.026107226107226156, "2": -0.5080808080808081, "3": 0.10303030303030303, "4": 0.10303030303030303}