{"0": -0.6658862122196564, "1": 0.18968159373403715, "2": -0.8103184062659629, "3": 0.18968159373403715, "4": 0.18968159373403715}