{"test_loss": [0.5277552604675293, 0.40293577313423157, 0.47194555401802063, 0.47482526302337646, 0.44203120470046997], "test_acc": [0.8306382894515991, 0.8442553281784058, 0.8195744752883911, 0.8272340297698975, 0.8314893841743469], "test_loss_cluster": [0.3633630871772766, 0.1837519407272339, 0.16505807638168335, 0.1471252292394638, 0.06483450531959534], "test_acc_cluster": [0.9838709831237793, 0.9892473220825195, 1.0, 1.0, 1.0], "train_loss": [0.5229429006576538, 0.3966732919216156, 0.4662674367427826, 0.4714919924736023, 0.43872568011283875], "train_acc": [0.8424861431121826, 0.8563218116760254, 0.8297147750854492, 0.8350361585617065, 0.8388676047325134], "train_loss_cluster": [0.35655489563941956, 0.175130233168602, 0.1628403663635254, 0.14159996807575226, 0.0635203942656517], "train_acc_cluster": [0.9942938685417175, 0.9942938685417175, 1.0, 0.9985734820365906, 1.0], "cluster_percentage": [0.0, 0.25, 0.5, 0.75, 1.0]}