{"test_loss": [0.5571101903915405, 0.33285653591156006, 0.3143787384033203, 0.32739976048469543, 0.34275373816490173], "test_acc": [0.7044104933738708, 0.8312128782272339, 0.8545377254486084, 0.839058518409729, 0.8488125801086426], "test_loss_cluster": [0.5738199949264526, 0.3289209008216858, 0.3076830208301544, 0.3235558271408081, 0.33741044998168945], "test_acc_cluster": [0.6895095109939575, 0.8298521637916565, 0.8554329872131348, 0.8385355472564697, 0.8505045771598816], "train_loss": [0.5594947338104248, 0.3328677713871002, 0.30526772141456604, 0.3163355886936188, 0.3297692835330963], "train_acc": [0.6971480250358582, 0.8323261141777039, 0.8586726188659668, 0.8509860038757324, 0.8550148606300354], "train_loss_cluster": [0.5773033499717712, 0.32656198740005493, 0.2951046824455261, 0.30802056193351746, 0.3191094696521759], "train_acc_cluster": [0.6820071339607239, 0.833313524723053, 0.8628860116004944, 0.8541567921638489, 0.8609857559204102], "cluster_percentage": [0.0, 0.25, 0.5, 0.75, 1.0]}