{"0": 0.11617021276595751, "1": -0.07252525252525244, "2": -0.024545454545454537, "3": 0.05500000000000005, "4": -0.005185185185185182}