{"test_loss": [1.3752011060714722, 1.3480212688446045, 1.175950288772583, 1.0492055416107178, 1.1306098699569702], "test_acc": [0.25, 0.28333333134651184, 0.36666667461395264, 0.46666666865348816, 0.4833333194255829], "test_loss_cluster": [1.9530442953109741, 1.5252712965011597, 1.2080920934677124, 0.9269821047782898, 0.8154642581939697], "test_acc_cluster": [0.06666667014360428, 0.13333334028720856, 0.3333333432674408, 0.46666666865348816, 0.5333333611488342], "train_loss": [1.1790766716003418, 1.1905043125152588, 1.0728706121444702, 0.9929863214492798, 1.0332798957824707], "train_acc": [0.34166666865348816, 0.34583333134651184, 0.3708333373069763, 0.47083333134651184, 0.4833333194255829], "train_loss_cluster": [2.0571305751800537, 1.6619402170181274, 1.2503474950790405, 0.9655541777610779, 0.7554195523262024], "train_acc_cluster": [0.0, 0.03125, 0.15625, 0.46875, 0.53125], "cluster_percentage": [0.0, 0.25, 0.5, 0.75, 1.0]}