{"0": 0.10303030303030303, "1": 0.10303030303030303, "2": -0.04511784511784511, "3": -0.2673400673400673, "4": 0.05218284540318441}