{"test_loss": [1.0669734477996826, 0.8163975477218628, 0.8068281412124634, 0.622107982635498, 0.8228283524513245], "test_acc": [0.5151515007019043, 0.3636363744735718, 0.3636363744735718, 0.6969696879386902, 0.5757575631141663], "test_loss_cluster": [1.9733564853668213, 0.6214870810508728, 0.5576972365379333, 0.2399200052022934, 0.2643481492996216], "test_acc_cluster": [0.2222222238779068, 0.6666666865348816, 1.0, 1.0, 1.0], "train_loss": [1.1398396492004395, 0.7495239973068237, 0.7290635108947754, 0.46819695830345154, 0.6490203142166138], "train_acc": [0.5984848737716675, 0.42424243688583374, 0.4848484992980957, 0.7954545617103577, 0.6287878751754761], "train_loss_cluster": [2.3666839599609375, 0.6325650215148926, 0.5755119323730469, 0.2442510724067688, 0.27721917629241943], "train_acc_cluster": [0.2380952388048172, 0.5714285969734192, 0.8095238208770752, 0.976190447807312, 0.9523809552192688], "cluster_percentage": [0.0, 0.25, 0.5, 0.75, 1.0]}