{"0": -0.0370991124430079, "1": -0.23807353388027952, "2": 0.0019264661197204713, "3": 0.02661248907718161, "4": -0.01831770702123403}