{"test_loss": [0.6089877486228943, 0.6457588076591492, 0.6687304377555847, 0.6330732107162476, 0.6398263573646545], "test_acc": [0.6955201029777527, 0.6993166208267212, 0.7031131386756897, 0.6955201029777527, 0.6962794065475464], "test_loss_cluster": [0.7513099312782288, 0.7871934771537781, 0.81084805727005, 0.7795144319534302, 0.7467159628868103], "test_acc_cluster": [0.6697080135345459, 0.6770073175430298, 0.6715328693389893, 0.6660584211349487, 0.6970803141593933], "train_loss": [0.5435985922813416, 0.5399963855743408, 0.6127864122390747, 0.6001693606376648, 0.6318625807762146], "train_acc": [0.7158594727516174, 0.732383668422699, 0.7416903972625732, 0.7200379967689514, 0.7073124647140503], "train_loss_cluster": [0.6089513897895813, 0.5897250175476074, 0.5804237723350525, 0.5399396419525146, 0.5367290377616882], "train_acc_cluster": [0.6553438305854797, 0.695111870765686, 0.7033968567848206, 0.7141673564910889, 0.7079536318778992], "cluster_percentage": [0.0, 0.25, 0.5, 0.75, 1.0]}