{"0": 0.30383815466061637, "1": -0.5053221506828951, "2": 0.30383815466061637, "3": 0.30383815466061637, "4": -0.6961618453393836}