{"test_loss": [1.0409047603607178, 0.7130998373031616, 0.7278332114219666, 0.6959399580955505, 0.8139251470565796], "test_acc": [0.4243856370449066, 0.6228733658790588, 0.5945179462432861, 0.5756143927574158, 0.5812854170799255], "test_loss_cluster": [1.4552518129348755, 0.38950115442276, 0.4770801365375519, 0.164132222533226, 0.19021756947040558], "test_acc_cluster": [0.2654867172241211, 0.98525071144104, 1.0, 0.9882006049156189, 0.9941002726554871], "train_loss": [1.0208367109298706, 0.6867746114730835, 0.7056646943092346, 0.6662079691886902, 0.7717373371124268], "train_acc": [0.4301583468914032, 0.6334199905395508, 0.6083667874336243, 0.5911132097244263, 0.6038761734962463], "train_loss_cluster": [1.3915314674377441, 0.3874547779560089, 0.47640299797058105, 0.17036579549312592, 0.19027090072631836], "train_acc_cluster": [0.3009708821773529, 0.9819694757461548, 0.9986130595207214, 0.9868238568305969, 0.9986130595207214], "cluster_percentage": [0.0, 0.25, 0.5, 0.75, 1.0]}