{"test_loss": [0.8229226469993591, 1.0168163776397705, 1.0591269731521606, 0.7302038073539734, 0.8263586759567261], "test_acc": [0.0, 0.0, 0.0, 0.03030303120613098, 0.0], "test_loss_cluster": [0.8229226469993591, 1.0168163776397705, 1.0591269731521606, 0.7302038073539734, 0.8263586759567261], "test_acc_cluster": [0.0, 0.0, 0.0, 0.03030303120613098, 0.0], "train_loss": [0.818557858467102, 1.0060179233551025, 1.046185851097107, 0.7316292524337769, 0.8238449692726135], "train_acc": [0.0, 0.0, 0.0, 0.0, 0.0], "train_loss_cluster": [0.818557858467102, 1.0060179233551025, 1.046185851097107, 0.7316292524337769, 0.8238449692726135], "train_acc_cluster": [0.0, 0.0, 0.0, 0.0, 0.0], "cluster_percentage": [0.0, 0.25, 0.5, 0.75, 1.0]}