{"0": 0.08505693587939755, "1": -0.19083892127976687, "2": 0.1735699554268999, "3": 0.07827424488618029, "4": -0.036897445616968616}