{"test_loss": [1.4054642915725708, 0.9790961146354675, 0.7304372787475586, 0.8655523657798767, 0.7280487418174744], "test_acc": [0.482041597366333, 0.5132325291633606, 0.5378071665763855, 0.5103969573974609, 0.535916805267334], "test_loss_cluster": [3.51035737991333, 0.9061169028282166, 0.47681277990341187, 0.43850088119506836, 0.47929802536964417], "test_acc_cluster": [0.2288135588169098, 0.5593220591545105, 0.7203390002250671, 0.7669491767883301, 0.7203390002250671], "train_loss": [1.5364991426467896, 0.8640623092651367, 0.6979075074195862, 0.7957743406295776, 0.6503992080688477], "train_acc": [0.4783739149570465, 0.5653510093688965, 0.5542424917221069, 0.5431340336799622, 0.5967856049537659], "train_loss_cluster": [3.7525601387023926, 0.8090324401855469, 0.44223934412002563, 0.3977406620979309, 0.39141345024108887], "train_acc_cluster": [0.21608980000019073, 0.6370439529418945, 0.758652925491333, 0.7913938164710999, 0.7913938164710999], "cluster_percentage": [0.0, 0.25, 0.5, 0.75, 1.0]}