{"-1": -0.06685150051179745, "0": -0.6961618453393836, "1": 0.30383815466061637, "2": 0.30383815466061637}