{"test_loss": [0.7285120487213135, 0.6979683041572571, 0.6433255672454834, 0.6280118823051453, 0.7512373328208923], "test_acc": [0.5066162347793579, 0.6294896006584167, 0.6483932137489319, 0.5907372236251831, 0.6001890301704407], "test_loss_cluster": [0.6435137987136841, 0.3289549648761749, 0.2714378535747528, 0.20584018528461456, 0.226200670003891], "test_acc_cluster": [0.4890109896659851, 1.0, 1.0, 1.0, 1.0], "train_loss": [0.7064754366874695, 0.6707067489624023, 0.6192367672920227, 0.601089596748352, 0.716280460357666], "train_acc": [0.5152446031570435, 0.6452375054359436, 0.6624911427497864, 0.6067123413085938, 0.6178208589553833], "train_loss_cluster": [0.6483877897262573, 0.32871660590171814, 0.27359145879745483, 0.20728805661201477, 0.2263244390487671], "train_acc_cluster": [0.47218629717826843, 1.0, 1.0, 1.0, 1.0], "cluster_percentage": [0.0, 0.25, 0.5, 0.75, 1.0]}