{"0": 0.03831935390068908, "1": -0.10954510361036263, "2": 0.05936576891258061, "3": 0.06365224353071475, "4": -0.18082899267237573}