{"test_loss": [0.5582734942436218, 0.26538270711898804, 0.22830268740653992, 0.27083203196525574, 0.25863873958587646], "test_acc": [0.8991392850875854, 0.9176782369613647, 0.9324652552604675, 0.9302582144737244, 0.9000220894813538], "test_loss_cluster": [0.20080314576625824, 0.2185421735048294, 0.2030392438173294, 0.20776623487472534, 0.19836032390594482], "test_acc_cluster": [0.994350254535675, 0.9868173003196716, 0.994350254535675, 0.9924670457839966, 0.9962335228919983], "train_loss": [0.4695240557193756, 0.21300220489501953, 0.17990750074386597, 0.19889868795871735, 0.21457736194133759], "train_acc": [0.9075760245323181, 0.9222534894943237, 0.9410693645477295, 0.941400408744812, 0.9082381725311279], "train_loss_cluster": [0.10193375498056412, 0.1157640814781189, 0.10583334416151047, 0.10372044146060944, 0.10377376526594162], "train_acc_cluster": [0.9958847761154175, 0.9903978109359741, 0.9949702620506287, 0.9945130348205566, 0.9949702620506287], "cluster_percentage": [0.0, 0.25, 0.5, 0.75, 1.0]}