{"test_loss": [0.7396326065063477, 0.829020082950592, 0.7412793636322021, 0.7165951132774353, 0.7504857182502747], "test_acc": [0.0071428571827709675, 0.0, 0.0, 0.0, 0.014285714365541935], "test_loss_cluster": [0.7396326065063477, 0.829020082950592, 0.7412793636322021, 0.7165951132774353, 0.7504857182502747], "test_acc_cluster": [0.0071428571827709675, 0.0, 0.0, 0.0, 0.014285714365541935], "train_loss": [0.7396537065505981, 0.8287426829338074, 0.7411936521530151, 0.7166319489479065, 0.7503420114517212], "train_acc": [0.0035714285913854837, 0.0, 0.0, 0.0, 0.0071428571827709675], "train_loss_cluster": [0.7396537065505981, 0.8287426829338074, 0.7411936521530151, 0.7166319489479065, 0.7503420114517212], "train_acc_cluster": [0.0035714285913854837, 0.0, 0.0, 0.0, 0.0071428571827709675], "cluster_percentage": [0.0, 0.25, 0.5, 0.75, 1.0]}