{"-1": -0.0028226032582788774, "0": 0.3320458177943527, "1": -0.46254877680024187, "2": 0.3320458177943527, "3": 0.3320458177943527, "4": -0.15280266705413215}