{"test_loss": [0.6627126932144165, 0.6439734697341919, 0.7169668078422546, 0.6216747760772705, 0.6228935718536377], "test_acc": [0.657123863697052, 0.6864181160926819, 0.7130492925643921, 0.6411451101303101, 0.67643141746521], "test_loss_cluster": [0.03600816801190376, 0.15518905222415924, 0.24839426577091217, 0.09949911385774612, 0.2025633305311203], "test_acc_cluster": [1.0, 1.0, 1.0, 1.0, 1.0], "train_loss": [0.721836507320404, 0.6899440288543701, 0.7753803730010986, 0.661940336227417, 0.6613814830780029], "train_acc": [0.6297036409378052, 0.6570096611976624, 0.6819846630096436, 0.6195471286773682, 0.643023669719696], "train_loss_cluster": [0.039537154138088226, 0.15390601754188538, 0.2455231249332428, 0.10097896307706833, 0.206830233335495], "train_acc_cluster": [1.0, 1.0, 1.0, 1.0, 1.0], "cluster_percentage": [0.0, 0.25, 0.5, 0.75, 1.0]}