{"-1": -0.0016634561024453376, "0": 0.06917100732762427, "1": 0.06917100732762427, "2": 0.06917100732762427, "3": 0.06917100732762427, "4": 0.06917100732762427, "5": 0.06917100732762427}