{"test_loss": [17.75674057006836, 1.7942440509796143, 1.7631980180740356, 1.389155626296997, 0.19367986917495728], "test_acc": [0.10571617633104324, 0.44272786378860474, 0.4235268235206604, 0.4497903287410736, 0.9324652552604675], "test_loss_cluster": [0.4411197602748871, 0.5709125399589539, 1.7950751781463623, 1.2972655296325684, 0.18094761669635773], "test_acc_cluster": [0.949999988079071, 0.949999988079071, 0.0, 0.0, 1.0], "train_loss": [17.011754989624023, 1.7228542566299438, 1.699375867843628, 1.332753300666809, 0.18378598988056183], "train_acc": [0.11057771742343903, 0.44827014207839966, 0.4310544729232788, 0.45891961455345154, 0.9314683079719543], "train_loss_cluster": [0.4434756636619568, 0.5773633718490601, 1.8132998943328857, 1.3004215955734253, 0.1819346696138382], "train_acc_cluster": [0.9459459185600281, 0.9189189076423645, 0.0, 0.0, 1.0], "cluster_percentage": [0.0, 0.25, 0.5, 0.75, 1.0]}