{"0": 0.09167281508205716, "1": -0.23807353388027952, "2": -0.2213471300571015, "3": 0.048055030643645136, "4": -0.12684243236840043}