{"0": 0.06571428571428573, "1": -0.3989321789321789, "2": 0.06571428571428573, "3": 0.06571428571428573, "4": 0.06571428571428573}