{"test_loss": [0.2588869035243988, 0.19814085960388184, 0.5877301096916199, 0.6371057629585266, 0.615679144859314], "test_acc": [0.9142857193946838, 0.9142857193946838, 0.8928571343421936, 0.8928571343421936, 0.9214285612106323], "test_loss_cluster": [0.2870689332485199, 0.19431345164775848, 0.610960066318512, 0.652383029460907, 0.6210256218910217], "test_acc_cluster": [1.0, 1.0, 1.0, 1.0, 1.0], "train_loss": [0.2675635814666748, 0.2076111137866974, 0.5902847647666931, 0.6384090781211853, 0.6180314421653748], "train_acc": [0.9160714149475098, 0.9142857193946838, 0.8785714507102966, 0.8910714387893677, 0.9125000238418579], "train_loss_cluster": [0.3023151755332947, 0.21265468001365662, 0.6153322458267212, 0.6550276279449463, 0.6234351992607117], "train_acc_cluster": [1.0, 1.0, 1.0, 1.0, 1.0], "cluster_percentage": [0.0, 0.25, 0.5, 0.75, 1.0]}