{"-1": 2.170421495861774e-05, "0": 0.2619264661197205, "1": -0.23807353388027952}