{"0": -0.8166386554621848, "1": 0.06571428571428573, "2": 0.06571428571428573, "3": 0.06571428571428573, "4": 0.011842231842231876}