{"test_loss": [0.18966104090213776, 0.19179844856262207, 0.1789225935935974, 0.19311164319515228, 0.19687862694263458], "test_acc": [0.9214285612106323, 0.9142857193946838, 0.9285714030265808, 0.9285714030265808, 0.9285714030265808], "test_loss_cluster": [0.0371212363243103, 0.01906459778547287, 0.019821230322122574, 0.020296350121498108, 0.019102605059742928], "test_acc_cluster": [1.0, 1.0, 1.0, 1.0, 1.0], "train_loss": [0.21133758127689362, 0.20976267755031586, 0.2003108114004135, 0.21686406433582306, 0.22027309238910675], "train_acc": [0.9232142567634583, 0.9125000238418579, 0.9285714030265808, 0.925000011920929, 0.9214285612106323], "train_loss_cluster": [0.03673586994409561, 0.01814865507185459, 0.019383536651730537, 0.01967228576540947, 0.018260657787322998], "train_acc_cluster": [1.0, 1.0, 1.0, 1.0, 1.0], "cluster_percentage": [0.0, 0.25, 0.5, 0.75, 1.0]}