{"test_loss": [0.8047870397567749, 0.7184314131736755, 0.8674904704093933, 0.8415244221687317, 0.7829818725585938], "test_acc": [0.0, 0.0357142873108387, 0.0, 0.0, 0.0], "test_loss_cluster": [0.8047870397567749, 0.7184314131736755, 0.8674904704093933, 0.8415244221687317, 0.7829818725585938], "test_acc_cluster": [0.0, 0.0357142873108387, 0.0, 0.0, 0.0], "train_loss": [0.8070961833000183, 0.7199175953865051, 0.8696717619895935, 0.8501177430152893, 0.7866597771644592], "train_acc": [0.0, 0.00909090880304575, 0.0, 0.0, 0.0], "train_loss_cluster": [0.8070961833000183, 0.7199175953865051, 0.8696717619895935, 0.8501177430152893, 0.7866597771644592], "train_acc_cluster": [0.0, 0.00909090880304575, 0.0, 0.0, 0.0], "cluster_percentage": [0.0, 0.25, 0.5, 0.75, 1.0]}