{"0": -0.07380248665235345, "1": -0.23807353388027952, "2": -0.22497309719905678, "3": -0.2013167771235228, "4": 0.15090487411198605}