{"test_loss": [0.7556644678115845, 0.7762216925621033, 0.800004780292511, 0.7592668533325195, 0.7231386303901672], "test_acc": [0.0, 0.0, 0.0, 0.0, 0.0], "test_loss_cluster": [0.7556644678115845, 0.7762216925621033, 0.800004780292511, 0.7592668533325195, 0.7231386303901672], "test_acc_cluster": [0.0, 0.0, 0.0, 0.0, 0.0], "train_loss": [0.7553921341896057, 0.775780200958252, 0.7999739646911621, 0.7589417695999146, 0.7233509421348572], "train_acc": [0.0017857142956927419, 0.0017857142956927419, 0.0, 0.0017857142956927419, 0.0], "train_loss_cluster": [0.7553921341896057, 0.775780200958252, 0.7999739646911621, 0.7589417695999146, 0.7233509421348572], "train_acc_cluster": [0.0017857142956927419, 0.0017857142956927419, 0.0, 0.0017857142956927419, 0.0], "cluster_percentage": [0.0, 0.25, 0.5, 0.75, 1.0]}