{"0": -0.42531743606258976, "1": 0.3320458177943527, "2": 0.24773608778925849, "3": 0.3320458177943527, "4": -0.6679541822056473}