{"test_loss": [0.676724910736084, 0.7235769033432007, 0.6721867322921753, 0.6445197463035583, 0.5756633281707764], "test_acc": [0.6491345167160034, 0.625832200050354, 0.6897469758987427, 0.7350199818611145, 0.7356857657432556], "test_loss_cluster": [0.0, 0.0, 0.0, 6.781709998904262e-06, 0.001798782730475068], "test_acc_cluster": [1.0, 1.0, 1.0, 1.0, 1.0], "train_loss": [0.7303879261016846, 0.7781480550765991, 0.7260650396347046, 0.6951895952224731, 0.6130454540252686], "train_acc": [0.6255411505699158, 0.6055610775947571, 0.6543456315994263, 0.6956377029418945, 0.6938061714172363], "train_loss_cluster": [0.0, 0.0, 0.0, 6.404812666005455e-06, 0.0017394846072420478], "train_acc_cluster": [1.0, 1.0, 1.0, 1.0, 1.0], "cluster_percentage": [0.0, 0.25, 0.5, 0.75, 1.0]}