{"test_loss": [1.1125850677490234, 0.7545242309570312, 0.8957833647727966, 0.7731848359107971, 0.8821641802787781], "test_acc": [0.0, 0.03030303120613098, 0.0, 0.0, 0.0], "test_loss_cluster": [1.1125850677490234, 0.7545242309570312, 0.8957833647727966, 0.7731848359107971, 0.8821641802787781], "test_acc_cluster": [0.0, 0.03030303120613098, 0.0, 0.0, 0.0], "train_loss": [1.1004796028137207, 0.7610446214675903, 0.8826870918273926, 0.7657637596130371, 0.8744257688522339], "train_acc": [0.0, 0.0, 0.0, 0.0, 0.0], "train_loss_cluster": [1.1004796028137207, 0.7610446214675903, 0.8826870918273926, 0.7657637596130371, 0.8744257688522339], "train_acc_cluster": [0.0, 0.0, 0.0, 0.0, 0.0], "cluster_percentage": [0.0, 0.25, 0.5, 0.75, 1.0]}