{"0": 0.16301508493383265, "1": -0.6679541822056473, "2": 0.3320458177943527, "3": 0.3320458177943527, "4": 0.3320458177943527}