{"test_loss": [0.5977551341056824, 0.5456109642982483, 0.5690671801567078, 0.6369357705116272, 0.6326701641082764], "test_acc": [0.7043941617012024, 0.7057256698608398, 0.7010652422904968, 0.6498002409934998, 0.7030625939369202], "test_loss_cluster": [0.005503646098077297, 0.0036034323275089264, 0.005650550592690706, 2.5045237634913065e-05, 0.006565248593688011], "test_acc_cluster": [1.0, 1.0, 1.0, 1.0, 1.0], "train_loss": [0.6389347910881042, 0.5910525918006897, 0.6072242856025696, 0.6839358806610107, 0.6755024790763855], "train_acc": [0.670829176902771, 0.6714951992034912, 0.6671661734580994, 0.6270396113395691, 0.6704961657524109], "train_loss_cluster": [0.0052787228487432, 0.0036502089351415634, 0.005499610677361488, 2.583668174338527e-05, 0.005753153003752232], "train_acc_cluster": [1.0, 1.0, 1.0, 1.0, 1.0], "cluster_percentage": [0.0, 0.25, 0.5, 0.75, 1.0]}