{"0": 0.044880952380952355, "1": 0.050447110141766616, "2": -0.06104627766599602, "3": 0.02844720496894415, "4": -0.04631890930646121}