{"test_loss": [0.3695811331272125, 0.5962369441986084, 0.34676888585090637, 0.49702534079551697, 0.4652523100376129], "test_acc": [0.8071428537368774, 0.8214285969734192, 0.8642857074737549, 0.7428571581840515, 0.7857142686843872], "test_loss_cluster": [0.4297924339771271, 0.7710416913032532, 0.25201812386512756, 0.2980002462863922, 0.1669657677412033], "test_acc_cluster": [0.7666666507720947, 0.7666666507720947, 0.9666666388511658, 0.8666666746139526, 0.8999999761581421], "train_loss": [0.3364929258823395, 0.22690223157405853, 0.32845619320869446, 0.38821282982826233, 0.20287755131721497], "train_acc": [0.8517857193946838, 0.9482142925262451, 0.8785714507102966, 0.8321428298950195, 0.9375], "train_loss_cluster": [0.46279188990592957, 0.4279678165912628, 0.28804704546928406, 0.2983766198158264, 0.05978121608495712], "train_acc_cluster": [0.801980197429657, 0.9009901285171509, 0.9009901285171509, 0.8910890817642212, 0.9900990128517151], "cluster_percentage": [0.0, 0.25, 0.5, 0.75, 1.0]}