{"0": 0.06007235179103598, "1": 0.3320458177943527, "2": -0.02833967548487626, "3": 0.22456282459707377, "4": -0.11849618762570147}