{"test_loss": [1.7319326400756836, 0.8587521314620972, 0.7248939275741577, 0.8221150040626526, 0.7983858585357666], "test_acc": [0.5019973516464233, 0.5652463436126709, 0.6278295516967773, 0.5739014744758606, 0.5679094791412354], "test_loss_cluster": [6.269578989304136e-07, 0.0, 0.0, 0.0, 0.0], "test_acc_cluster": [1.0, 1.0, 1.0, 1.0, 1.0], "train_loss": [1.8464117050170898, 0.8666502833366394, 0.7028656601905823, 0.8039372563362122, 0.7841379046440125], "train_acc": [0.5061604976654053, 0.5675990581512451, 0.6275390982627869, 0.5817515850067139, 0.5784215927124023], "train_loss_cluster": [1.8193304640590213e-06, 0.0, 0.0, 0.0, 0.0], "train_acc_cluster": [1.0, 1.0, 1.0, 1.0, 1.0], "cluster_percentage": [0.0, 0.25, 0.5, 0.75, 1.0]}