{"-1": 0.00521317602395166, "0": -0.6679541822056473, "1": 0.3320458177943527}