{"test_loss": [0.6223079562187195, 0.6315004229545593, 0.559973418712616, 0.6072949767112732, 0.574612557888031], "test_acc": [0.6737682819366455, 0.7290279865264893, 0.6804261207580566, 0.687083899974823, 0.6264979839324951], "test_loss_cluster": [0.0, 0.044520054012537, 0.0, 4.415159349235864e-09, 0.0], "test_acc_cluster": [1.0, 1.0, 1.0, 1.0, 1.0], "train_loss": [0.660869300365448, 0.6808674335479736, 0.6039963960647583, 0.646233081817627, 0.6032443046569824], "train_acc": [0.6428571343421936, 0.6841492056846619, 0.6496836543083191, 0.6573426723480225, 0.6042290925979614], "train_loss_cluster": [0.0, 0.04380778968334198, 0.0, 2.955602651510958e-09, 0.0], "train_acc_cluster": [1.0, 1.0, 1.0, 1.0, 1.0], "cluster_percentage": [0.0, 0.25, 0.5, 0.75, 1.0]}