{"0": -0.0582600195503421, "1": 0.10303030303030303, "2": 0.08663686040735219, "3": 0.10303030303030303, "4": -0.24071969696969697}