{"test_loss": [0.5334351062774658, 0.5836803913116455, 0.6436100006103516, 0.68584805727005, 0.6729186177253723], "test_acc": [0.7878788113594055, 0.8484848737716675, 0.8787878751754761, 0.6363636255264282, 0.7575757503509521], "test_loss_cluster": [0.22223146259784698, 0.31393593549728394, 0.5774021148681641, 0.6452872157096863, 0.20367756485939026], "test_acc_cluster": [1.0, 1.0, 1.0, 1.0, 1.0], "train_loss": [0.4089053273200989, 0.4227932393550873, 0.6297051906585693, 0.675675094127655, 0.49696436524391174], "train_acc": [0.8409090638160706, 0.8560606241226196, 0.8863636255264282, 0.7803030014038086, 0.7954545617103577], "train_loss_cluster": [0.21511608362197876, 0.25438764691352844, 0.5725409984588623, 0.6401517391204834, 0.19081005454063416], "train_acc_cluster": [0.939393937587738, 0.939393937587738, 1.0, 1.0, 0.9696969985961914], "cluster_percentage": [0.0, 0.25, 0.5, 0.75, 1.0]}