{"0": -0.1689464102716094, "1": 0.10321694118471691, "2": -0.23807353388027952, "3": -0.23807353388027952, "4": -0.14003431819400503}