{"test_loss": [0.7826921343803406, 0.6979007720947266, 0.72853022813797, 0.7196313142776489, 0.7081287503242493], "test_acc": [0.0, 0.03333333507180214, 0.01666666753590107, 0.0, 0.03333333507180214], "test_loss_cluster": [0.7826921343803406, 0.6979007720947266, 0.72853022813797, 0.7196313142776489, 0.7081287503242493], "test_acc_cluster": [0.0, 0.03333333507180214, 0.01666666753590107, 0.0, 0.03333333507180214], "train_loss": [0.7831670045852661, 0.6991369724273682, 0.7329148054122925, 0.7239925861358643, 0.7087931036949158], "train_acc": [0.0, 0.02083333395421505, 0.0, 0.0, 0.0416666679084301], "train_loss_cluster": [0.7831670045852661, 0.6991369724273682, 0.7329148054122925, 0.7239925861358643, 0.7087931036949158], "train_acc_cluster": [0.0, 0.02083333395421505, 0.0, 0.0, 0.0416666679084301], "cluster_percentage": [0.0, 0.25, 0.5, 0.75, 1.0]}