{"0": -0.5080808080808081, "1": 0.10303030303030303, "2": -0.08927738927738926, "3": 0.09303030303030302, "4": 0.10303030303030303}