{"test_loss": [0.5106834173202515, 0.529977023601532, 0.5639975070953369, 0.5171747803688049, 0.5385715961456299], "test_acc": [0.8181818127632141, 0.7878788113594055, 0.8181818127632141, 0.7575757503509521, 0.7575757503509521], "test_loss_cluster": [0.1468522548675537, 0.1566483974456787, 0.23217637836933136, 0.11973283439874649, 0.13132500648498535], "test_acc_cluster": [1.0, 1.0, 1.0, 1.0, 1.0], "train_loss": [0.3837083876132965, 0.39178767800331116, 0.4222172200679779, 0.3954871594905853, 0.4061698615550995], "train_acc": [0.8712121248245239, 0.8636363744735718, 0.8409090638160706, 0.8409090638160706, 0.8409090638160706], "train_loss_cluster": [0.18201220035552979, 0.21026945114135742, 0.25487643480300903, 0.18302196264266968, 0.19585728645324707], "train_acc_cluster": [0.9411764740943909, 0.9411764740943909, 0.8823529481887817, 0.9411764740943909, 0.9411764740943909], "cluster_percentage": [0.0, 0.25, 0.5, 0.75, 1.0]}