{"0": 0.30383815466061637, "1": -0.15387030364772192, "2": 0.06798909805684283, "3": 0.30383815466061637, "4": -0.6961618453393836}