{"test_loss": [0.734295129776001, 0.6159397959709167, 0.5922860503196716, 0.6973084807395935, 0.7625439167022705], "test_acc": [0.5775047540664673, 0.6720227003097534, 0.6663516163825989, 0.6550094485282898, 0.6465028524398804], "test_loss_cluster": [0.6994116902351379, 0.1549082249403, 0.17663344740867615, 0.08243431150913239, 0.12638293206691742], "test_acc_cluster": [0.5677965879440308, 1.0, 1.0, 1.0, 1.0], "train_loss": [0.7306531071662903, 0.5889139771461487, 0.5697504878044128, 0.6627904176712036, 0.7246741056442261], "train_acc": [0.5641692280769348, 0.6830536723136902, 0.676908552646637, 0.6660364270210266, 0.6556369662284851], "train_loss_cluster": [0.7305524945259094, 0.15372033417224884, 0.17546357214450836, 0.08157868683338165, 0.12533678114414215], "train_acc_cluster": [0.5267175436019897, 1.0, 1.0, 1.0, 1.0], "cluster_percentage": [0.0, 0.25, 0.5, 0.75, 1.0]}