{"0": -0.03897829127259711, "1": 0.15563904054254774, "2": 0.06174637106197234, "3": -0.11882904456383514, "4": -0.1104414074959752}