{"test_loss": [0.6497633457183838, 0.5613968372344971, 0.578288733959198, 0.524855375289917, 0.658807635307312], "test_acc": [0.7429787516593933, 0.7812765836715698, 0.7412766218185425, 0.7599999904632568, 0.789787232875824], "test_loss_cluster": [2.3201584815979004, 0.5694106817245483, 0.40642666816711426, 0.13816329836845398, 0.2601270377635956], "test_acc_cluster": [0.261904776096344, 0.738095223903656, 0.8809523582458496, 0.976190447807312, 0.976190447807312], "train_loss": [0.5494942665100098, 0.540769100189209, 0.53823322057724, 0.4742560088634491, 0.46032580733299255], "train_acc": [0.7962962985038757, 0.7890591621398926, 0.7641549706459045, 0.8009791374206543, 0.8548318147659302], "train_loss_cluster": [2.5515568256378174, 0.7080489993095398, 0.48303788900375366, 0.12069392949342728, 0.2228386253118515], "train_acc_cluster": [0.2849740982055664, 0.6010362505912781, 0.7979274392127991, 0.9948186278343201, 0.9689119458198547], "cluster_percentage": [0.0, 0.25, 0.5, 0.75, 1.0]}