{"-1": -0.12210122182711591, "0": 0.18968159373403715}