{"test_loss": [1.2248305082321167, 0.8552156090736389, 0.6704281568527222, 0.7152581810951233, 0.7643358111381531], "test_acc": [0.46468085050582886, 0.7097872495651245, 0.8017021417617798, 0.7753191590309143, 0.6978723406791687], "test_loss_cluster": [2.032179594039917, 0.560562789440155, 0.3677131235599518, 0.3619198501110077, 0.3678952753543854], "test_acc_cluster": [0.14957265555858612, 0.7948718070983887, 1.0, 1.0, 1.0], "train_loss": [1.1956727504730225, 0.8369393348693848, 0.663777768611908, 0.7084928154945374, 0.7508717179298401], "train_acc": [0.4793529212474823, 0.7181779742240906, 0.8084291219711304, 0.7914006114006042, 0.6983823180198669], "train_loss_cluster": [2.0156118869781494, 0.5541098713874817, 0.36715102195739746, 0.3612842559814453, 0.36727458238601685], "train_acc_cluster": [0.1501091718673706, 0.7996724843978882, 1.0, 1.0, 1.0], "cluster_percentage": [0.0, 0.25, 0.5, 0.75, 1.0]}