{"0": -0.3804347826086957, "1": 0.06521739130434778, "2": 0.3695652173913043, "3": 0.061872909698996614, "4": 0.3695652173913043}