{"test_loss": [0.49596813321113586, 0.41424205899238586, 0.45041894912719727, 0.4094524383544922, 0.43709492683410645], "test_acc": [0.75, 0.75, 0.75, 0.75, 0.75], "test_loss_cluster": [0.010167409665882587, 0.01971854828298092, 0.014979819767177105, 0.014061426743865013, 0.01553829200565815], "test_acc_cluster": [1.0, 1.0, 1.0, 1.0, 1.0], "train_loss": [0.48577842116355896, 0.4556143283843994, 0.4663543701171875, 0.44347548484802246, 0.46139076352119446], "train_acc": [0.7272727489471436, 0.7545454502105713, 0.7363636493682861, 0.7727272510528564, 0.7727272510528564], "train_loss_cluster": [0.014625989831984043, 0.018837356939911842, 0.013934478163719177, 0.013604208827018738, 0.01457823347300291], "train_acc_cluster": [1.0, 1.0, 1.0, 1.0, 1.0], "cluster_percentage": [0.0, 0.25, 0.5, 0.75, 1.0]}