{"0": 0.18968159373403715, "1": -0.2999017395992962, "2": -0.8103184062659629, "3": 0.18968159373403715, "4": -0.05955667561392142}