{"test_loss": [0.6358498930931091, 0.627129316329956, 0.5045706629753113, 0.607222318649292, 0.5213887095451355], "test_acc": [0.7982978820800781, 0.788936197757721, 0.800851047039032, 0.7948936223983765, 0.7804255485534668], "test_loss_cluster": [0.5113948583602905, 0.4216617941856384, 0.2418346107006073, 0.4462384879589081, 0.18525250256061554], "test_acc_cluster": [1.0, 1.0, 1.0, 1.0, 1.0], "train_loss": [0.6330535411834717, 0.6220036745071411, 0.4965956509113312, 0.6048263907432556, 0.5111885070800781], "train_acc": [0.8082162737846375, 0.7986377477645874, 0.8111962676048279, 0.8031076788902283, 0.7948063015937805], "train_loss_cluster": [0.5083787441253662, 0.4158402979373932, 0.23847734928131104, 0.44565001130104065, 0.1817340850830078], "train_acc_cluster": [0.998516321182251, 0.997032642364502, 1.0, 1.0, 0.998516321182251], "cluster_percentage": [0.0, 0.25, 0.5, 0.75, 1.0]}