{"test_loss": [0.29486116766929626, 0.2716207206249237, 0.2848203182220459, 0.2860737144947052, 0.2852220833301544], "test_acc": [0.8664122223854065, 0.8871925473213196, 0.8840118646621704, 0.8825275897979736, 0.8863443732261658], "test_loss_cluster": [0.6206569671630859, 0.5392056703567505, 0.559611439704895, 0.5434748530387878, 0.5366107821464539], "test_acc_cluster": [0.6811965703964233, 0.7418803572654724, 0.7384615540504456, 0.7341880202293396, 0.7504273653030396], "train_loss": [0.2768680453300476, 0.2603648900985718, 0.257785826921463, 0.25503432750701904, 0.27256083488464355], "train_acc": [0.8757421374320984, 0.8881467580795288, 0.8878816962242126, 0.8916984796524048, 0.8875635862350464], "train_loss_cluster": [0.6014879941940308, 0.5369390845298767, 0.5237692594528198, 0.5057602524757385, 0.5145475268363953], "train_acc_cluster": [0.6895283460617065, 0.7377758622169495, 0.739506721496582, 0.7537862658500671, 0.7542189359664917], "cluster_percentage": [0.0, 0.25, 0.5, 0.75, 1.0]}