{"-1": -0.04002439497122634, "0": 0.06917100732762427, "1": -0.0016254528493668818, "2": 0.06917100732762427, "3": 0.06917100732762427, "4": 0.06917100732762427, "5": 0.06917100732762427, "6": 0.06917100732762427, "7": 0.06917100732762427, "8": 0.06917100732762427, "9": 0.06917100732762427}