{"test_loss": [4.550258636474609, 0.5344438552856445, 0.1585075706243515, 0.22416675090789795, 0.31054210662841797], "test_acc": [0.678658127784729, 0.7691459059715271, 0.939527690410614, 0.9011255502700806, 0.8483778238296509], "test_loss_cluster": [0.00398980313912034, 0.015505547635257244, 0.0007878775359131396, 0.0036720687057822943, 0.01227313932031393], "test_acc_cluster": [1.0, 1.0, 1.0, 1.0, 1.0], "train_loss": [4.218625545501709, 0.49216777086257935, 0.1513451784849167, 0.21302954852581024, 0.28134065866470337], "train_acc": [0.6835513114929199, 0.7745406627655029, 0.9393588304519653, 0.904320478439331, 0.8587430119514465], "train_loss_cluster": [0.003322426462545991, 0.014777134172618389, 0.0007441681227646768, 0.003523333463817835, 0.011927453801035881], "train_acc_cluster": [1.0, 1.0, 1.0, 1.0, 1.0], "cluster_percentage": [0.0, 0.25, 0.5, 0.75, 1.0]}