{"test_loss": [0.46768370270729065, 0.5437847971916199, 0.4560617208480835, 0.4835210144519806, 0.45823293924331665], "test_acc": [0.7691723704338074, 0.7691723704338074, 0.7661351561546326, 0.7691723704338074, 0.7653758525848389], "test_loss_cluster": [0.6954038143157959, 0.6803967952728271, 0.6915769577026367, 0.6901557445526123, 0.6918187141418457], "test_acc_cluster": [0.5208333134651184, 0.5208333134651184, 0.4791666567325592, 0.5208333134651184, 0.4583333432674408], "train_loss": [0.4811592400074005, 0.5121988654136658, 0.4723137617111206, 0.5133809447288513, 0.4732866883277893], "train_acc": [0.7603039145469666, 0.7610636353492737, 0.7574548721313477, 0.7601139545440674, 0.7601139545440674], "train_loss_cluster": [0.7098280787467957, 0.7040797472000122, 0.6982907056808472, 0.709230899810791, 0.694096565246582], "train_acc_cluster": [0.5240174531936646, 0.5240174531936646, 0.46724891662597656, 0.5240174531936646, 0.4978165924549103], "cluster_percentage": [0.0, 0.25, 0.5, 0.75, 1.0]}