{"test_loss": [0.18911491334438324, 0.28110823035240173, 0.18468910455703735, 0.25690847635269165, 0.2701703608036041], "test_acc": [0.936217188835144, 0.91105717420578, 0.9280511736869812, 0.9190024137496948, 0.8830280303955078], "test_loss_cluster": [0.038501691073179245, 0.043733175843954086, 0.02879927307367325, 0.05311284959316254, 0.04703627899289131], "test_acc_cluster": [1.0, 1.0, 1.0, 1.0, 1.0], "train_loss": [0.17935192584991455, 0.245280459523201, 0.17684389650821686, 0.23248104751110077, 0.25816136598587036], "train_acc": [0.9394140243530273, 0.9149147272109985, 0.9276610016822815, 0.9208188652992249, 0.8874910473823547], "train_loss_cluster": [0.03576330095529556, 0.041784536093473434, 0.027560288086533546, 0.05123525857925415, 0.044947315007448196], "train_acc_cluster": [1.0, 1.0, 1.0, 1.0, 1.0], "cluster_percentage": [0.0, 0.25, 0.5, 0.75, 1.0]}