{"test_loss": [0.7965326905250549, 0.8542417883872986, 0.7700420618057251, 0.707901656627655, 0.7427041530609131], "test_acc": [0.0, 0.0, 0.0, 0.0, 0.0], "test_loss_cluster": [0.7965326905250549, 0.8542417883872986, 0.7700420618057251, 0.707901656627655, 0.7427041530609131], "test_acc_cluster": [0.0, 0.0, 0.0, 0.0, 0.0], "train_loss": [0.7956213355064392, 0.8533267974853516, 0.7699701189994812, 0.7076452374458313, 0.7424784898757935], "train_acc": [0.0, 0.0, 0.0, 0.0, 0.0], "train_loss_cluster": [0.7956213355064392, 0.8533267974853516, 0.7699701189994812, 0.7076452374458313, 0.7424784898757935], "train_acc_cluster": [0.0, 0.0, 0.0, 0.0, 0.0], "cluster_percentage": [0.0, 0.25, 0.5, 0.75, 1.0]}