{"0": 0.18000000000000005, "1": -0.2988732394366197, "2": -0.82, "3": -0.82, "4": 0.18000000000000005}