{"test_loss": [0.4889916777610779, 0.5074231624603271, 0.4171725809574127, 0.4642350375652313, 0.43419381976127625], "test_acc": [0.8666666746139526, 0.8666666746139526, 0.8500000238418579, 0.8666666746139526, 0.8500000238418579], "test_loss_cluster": [0.25939059257507324, 0.26175636053085327, 0.10496413707733154, 0.1574053317308426, 0.10366351902484894], "test_acc_cluster": [1.0, 1.0, 1.0, 1.0, 1.0], "train_loss": [0.6342217922210693, 0.663127601146698, 0.5564054846763611, 0.6381531357765198, 0.6050745844841003], "train_acc": [0.862500011920929, 0.8374999761581421, 0.8416666388511658, 0.8333333134651184, 0.8208333253860474], "train_loss_cluster": [0.2650684416294098, 0.2673312723636627, 0.10937272757291794, 0.1625535935163498, 0.10872972756624222], "train_acc_cluster": [1.0, 1.0, 1.0, 1.0, 1.0], "cluster_percentage": [0.0, 0.25, 0.5, 0.75, 1.0]}