{"0": 0.18206521739130432, "1": -0.25834175935288173, "2": 0.04524089306697998, "3": 0.3695652173913043, "4": -0.1041189931350115}