{"test_loss": [0.6010217666625977, 0.6446151733398438, 0.574670135974884, 0.603720486164093, 0.5864506959915161], "test_acc": [0.7142857313156128, 0.6785714030265808, 0.75, 0.6428571343421936, 0.75], "test_loss_cluster": [0.43807411193847656, 0.4136676788330078, 0.34832727909088135, 0.2645500600337982, 0.2507515847682953], "test_acc_cluster": [1.0, 1.0, 1.0, 1.0, 1.0], "train_loss": [0.6227197647094727, 0.7212355136871338, 0.6284315586090088, 0.6140488982200623, 0.6357408761978149], "train_acc": [0.6818181872367859, 0.5727272629737854, 0.6818181872367859, 0.6545454263687134, 0.6818181872367859], "train_loss_cluster": [0.3709300756454468, 0.34749364852905273, 0.2717464864253998, 0.12648902833461761, 0.197967529296875], "train_acc_cluster": [0.9444444179534912, 1.0, 1.0, 1.0, 1.0], "cluster_percentage": [0.0, 0.25, 0.5, 0.75, 1.0]}