{"0": 0.18000000000000005, "1": -0.82, "2": -0.16693877551020408, "3": -0.82, "4": 0.18000000000000005}