{"test_loss": [0.4807426333427429, 0.3534993827342987, 0.3769712746143341, 0.6383669376373291, 0.660399854183197], "test_acc": [0.8166666626930237, 0.8833333253860474, 0.8666666746139526, 0.8666666746139526, 0.8166666626930237], "test_loss_cluster": [0.27185362577438354, 0.1868533045053482, 0.16565804183483124, 0.617089569568634, 0.6371910572052002], "test_acc_cluster": [1.0, 1.0, 1.0, 1.0, 1.0], "train_loss": [0.6251331567764282, 0.49995607137680054, 0.5183327794075012, 0.6479863524436951, 0.6691678762435913], "train_acc": [0.800000011920929, 0.8791666626930237, 0.8458333611488342, 0.8500000238418579, 0.7916666865348816], "train_loss_cluster": [0.27500954270362854, 0.186523899435997, 0.16679731011390686, 0.6200813055038452, 0.6404754519462585], "train_acc_cluster": [1.0, 1.0, 1.0, 1.0, 1.0], "cluster_percentage": [0.0, 0.25, 0.5, 0.75, 1.0]}