{"test_loss": [1.0304971933364868, 1.0802812576293945, 1.1609188318252563, 1.0650683641433716, 0.7847192883491516], "test_acc": [0.34851935505867004, 0.479119211435318, 0.23538345098495483, 0.5163249969482422, 0.5816249251365662], "test_loss_cluster": [1.0304971933364868, 1.0802812576293945, 1.1609188318252563, 1.0650683641433716, 0.7847192883491516], "test_acc_cluster": [0.34851935505867004, 0.479119211435318, 0.23538345098495483, 0.5163249969482422, 0.5816249251365662], "train_loss": [1.0130393505096436, 1.0030407905578613, 1.1347733736038208, 1.0123478174209595, 0.7707301378250122], "train_acc": [0.3323836624622345, 0.5069325566291809, 0.24292497336864471, 0.5173789262771606, 0.5696106553077698], "train_loss_cluster": [1.0130393505096436, 1.0030407905578613, 1.1347733736038208, 1.0123478174209595, 0.7707301378250122], "train_acc_cluster": [0.3323836624622345, 0.5069325566291809, 0.24292497336864471, 0.5173789262771606, 0.5696106553077698], "cluster_percentage": [0.0, 0.25, 0.5, 0.75, 1.0]}