{"0": -0.3129577464788732, "1": 0.18000000000000005, "2": -0.82, "3": 0.18000000000000005, "4": -0.82}