{"test_loss": [0.645892858505249, 0.6591999530792236, 0.5470758080482483, 0.3465561270713806, 0.3697299063205719], "test_acc": [0.949999988079071, 0.949999988079071, 0.8500000238418579, 0.8833333253860474, 0.8666666746139526], "test_loss_cluster": [0.6294294595718384, 0.647903561592102, 0.31397491693496704, 0.08414395153522491, 0.09731848537921906], "test_acc_cluster": [1.0, 1.0, 1.0, 1.0, 1.0], "train_loss": [0.6498085856437683, 0.6630390882492065, 0.6832209825515747, 0.4890267550945282, 0.5058140158653259], "train_acc": [0.9125000238418579, 0.9041666388511658, 0.8291666507720947, 0.8833333253860474, 0.875], "train_loss_cluster": [0.6298412084579468, 0.6479774117469788, 0.3209429681301117, 0.0871099978685379, 0.10081477463245392], "train_acc_cluster": [1.0, 1.0, 1.0, 1.0, 1.0], "cluster_percentage": [0.0, 0.25, 0.5, 0.75, 1.0]}