{"test_loss": [0.242439866065979, 0.2446642369031906, 0.242736354470253, 0.25076740980148315, 0.24194617569446564], "test_acc": [0.89397794008255, 0.8977947235107422, 0.8963104486465454, 0.8975827097892761, 0.8977947235107422], "test_loss_cluster": [0.20076406002044678, 0.2076604962348938, 0.2043820172548294, 0.21082225441932678, 0.20300443470478058], "test_acc_cluster": [0.9454374313354492, 0.9454374313354492, 0.9454374313354492, 0.9454374313354492, 0.9454374313354492], "train_loss": [0.2486659437417984, 0.2517732083797455, 0.24794383347034454, 0.2578013837337494, 0.2463112771511078], "train_acc": [0.8894190192222595, 0.8933418393135071, 0.8924936652183533, 0.8927586674690247, 0.8931827545166016], "train_loss_cluster": [0.2048795521259308, 0.20966173708438873, 0.20774871110916138, 0.21178008615970612, 0.20301079750061035], "train_acc_cluster": [0.9454246163368225, 0.9454246163368225, 0.9454246163368225, 0.9454246163368225, 0.9454246163368225], "cluster_percentage": [0.0, 0.25, 0.5, 0.75, 1.0]}