{"test_loss": [0.709416925907135, 0.7094221711158752, 0.7084561586380005, 0.7755756974220276, 0.7208201289176941], "test_acc": [0.0, 0.0, 0.0, 0.0, 0.0], "test_loss_cluster": [0.709416925907135, 0.7094221711158752, 0.7084561586380005, 0.7755756974220276, 0.7208201289176941], "test_acc_cluster": [0.0, 0.0, 0.0, 0.0, 0.0], "train_loss": [0.7091264128684998, 0.7109624147415161, 0.7084683775901794, 0.7759761214256287, 0.721569836139679], "train_acc": [0.0, 0.004166666883975267, 0.0, 0.0, 0.0], "train_loss_cluster": [0.7091264128684998, 0.7109624147415161, 0.7084683775901794, 0.7759761214256287, 0.721569836139679], "train_acc_cluster": [0.0, 0.004166666883975267, 0.0, 0.0, 0.0], "cluster_percentage": [0.0, 0.25, 0.5, 0.75, 1.0]}