{"0": -0.14834703820263673, "1": 0.06917100732762427, "2": 0.06917100732762427, "3": 0.06917100732762427, "4": 0.06917100732762427}