{"test_loss": [0.16699132323265076, 0.18720278143882751, 0.15842095017433167, 0.2143232673406601, 0.2154552936553955], "test_acc": [0.9382035136222839, 0.9298168420791626, 0.9242992997169495, 0.9267269968986511, 0.9181196093559265], "test_loss_cluster": [0.004900065716356039, 0.030938414856791496, 0.008450114168226719, 0.023626480251550674, 0.013984817080199718], "test_acc_cluster": [1.0, 1.0, 1.0, 1.0, 1.0], "train_loss": [0.1577794998884201, 0.18078070878982544, 0.15182960033416748, 0.20731393992900848, 0.20714914798736572], "train_acc": [0.938310444355011, 0.9298681020736694, 0.924902081489563, 0.9260056018829346, 0.9197152853012085], "train_loss_cluster": [0.004818572662770748, 0.030780769884586334, 0.0083750756457448, 0.02336243726313114, 0.013590207323431969], "train_acc_cluster": [1.0, 1.0, 1.0, 1.0, 1.0], "cluster_percentage": [0.0, 0.25, 0.5, 0.75, 1.0]}