{"0": 0.30383815466061637, "1": -0.2518969018821946, "2": 0.30383815466061637, "3": 0.30383815466061637, "4": -0.6950748888176445}