{"test_loss": [0.4991929829120636, 0.5783611536026001, 0.574729323387146, 0.6831952929496765, 0.6282257437705994], "test_acc": [0.7060491442680359, 0.6672967672348022, 0.6455576419830322, 0.6389414072036743, 0.6209830045700073], "test_loss_cluster": [0.043135322630405426, 0.06987343728542328, 0.04069963097572327, 0.08515011519193649, 0.09105156362056732], "test_acc_cluster": [1.0, 1.0, 1.0, 1.0, 1.0], "train_loss": [0.4727606177330017, 0.5473988652229309, 0.5482960343360901, 0.6515700817108154, 0.6029618978500366], "train_acc": [0.720869779586792, 0.6783266663551331, 0.6563460230827332, 0.6497281789779663, 0.6348381042480469], "train_loss_cluster": [0.04261934757232666, 0.07364987581968307, 0.03957365080714226, 0.0823202058672905, 0.08883093297481537], "train_acc_cluster": [1.0, 0.996219277381897, 1.0, 1.0, 1.0], "cluster_percentage": [0.0, 0.25, 0.5, 0.75, 1.0]}