{"0": 0.14914570053920795, "1": -0.23807353388027952, "2": -0.2008744091538025, "3": -0.07935168998295106, "4": -0.2247402005469462}