{"test_loss": [0.4826343059539795, 0.46423840522766113, 0.47563618421554565, 0.5772628784179688, 0.5005772113800049], "test_acc": [0.7615793347358704, 0.7684130668640137, 0.76765376329422, 0.7684130668640137, 0.7585421204566956], "test_loss_cluster": [0.6823441982269287, 0.6749702095985413, 0.67410808801651, 0.7042761445045471, 0.6983568668365479], "test_acc_cluster": [0.5922166109085083, 0.6074450016021729, 0.6057529449462891, 0.6074450016021729, 0.5922166109085083], "train_loss": [0.4948078989982605, 0.47882264852523804, 0.4909990727901459, 0.5908399820327759, 0.5330062508583069], "train_acc": [0.7508072257041931, 0.7595441341400146, 0.760493814945221, 0.7555555701255798, 0.750617265701294], "train_loss_cluster": [0.6790928244590759, 0.6743456721305847, 0.6722729802131653, 0.7023686170578003, 0.6864122152328491], "train_acc_cluster": [0.5945525169372559, 0.6124513745307922, 0.614396870136261, 0.6042801737785339, 0.6054474711418152], "cluster_percentage": [0.0, 0.25, 0.5, 0.75, 1.0]}