{"0": 0.3695652173913043, "1": 0.1028985507246376, "2": -0.40821256038647347, "3": -0.047101449275362306, "4": 0.3695652173913043}