{"test_loss": [0.587265133857727, 0.5870922207832336, 0.6062831282615662, 0.569331705570221, 0.6021422147750854], "test_acc": [0.6785714030265808, 0.6785714030265808, 0.6785714030265808, 0.75, 0.6428571343421936], "test_loss_cluster": [0.25098738074302673, 0.33146142959594727, 0.18285587430000305, 0.1401444375514984, 0.3549416661262512], "test_acc_cluster": [1.0, 1.0, 1.0, 1.0, 1.0], "train_loss": [0.49093133211135864, 0.6392026543617249, 0.5802629590034485, 0.56074059009552, 0.6571639180183411], "train_acc": [0.7454545497894287, 0.581818163394928, 0.6909090876579285, 0.6909090876579285, 0.5636363625526428], "train_loss_cluster": [0.28214240074157715, 0.26716917753219604, 0.11351297050714493, 0.08311502635478973, 0.29033195972442627], "train_acc_cluster": [0.9545454382896423, 1.0, 0.9545454382896423, 1.0, 1.0], "cluster_percentage": [0.0, 0.25, 0.5, 0.75, 1.0]}