{"-1": 0.005180434373688758, "0": -0.06358496588990648, "1": 0.23846076214860135, "2": -0.23807353388027952, "3": 0.12350838702367528}