{"0": 0.3695652173913043, "1": 0.34253819036427735, "2": -0.35174625801853177, "3": 0.057065217391304324, "4": 0.3107416879795396}