{"test_loss": [0.44470563530921936, 0.44656044244766235, 0.4773240387439728, 0.5177066326141357, 0.4959995746612549], "test_acc": [0.75, 0.75, 0.75, 0.75, 0.75], "test_loss_cluster": [0.01602020673453808, 0.02556886523962021, 0.0211402028799057, 0.019385192543268204, 0.022157160565257072], "test_acc_cluster": [1.0, 1.0, 1.0, 1.0, 1.0], "train_loss": [0.4445641040802002, 0.46275418996810913, 0.4787907004356384, 0.5171774625778198, 0.5076889395713806], "train_acc": [0.7454545497894287, 0.7545454502105713, 0.7272727489471436, 0.7454545497894287, 0.7363636493682861], "train_loss_cluster": [0.006156908813863993, 0.012815788388252258, 0.011718343012034893, 0.011377580463886261, 0.010023302398622036], "train_acc_cluster": [1.0, 1.0, 1.0, 1.0, 1.0], "cluster_percentage": [0.0, 0.25, 0.5, 0.75, 1.0]}