{"0": 0.02190258482153773, "1": 0.3320458177943527, "2": -0.6679541822056473, "3": 0.3320458177943527, "4": 0.3320458177943527}