{"test_loss": [0.6068839430809021, 0.6322625875473022, 0.7098017930984497, 0.6767338514328003, 0.634646475315094], "test_acc": [0.7396804094314575, 0.6198402047157288, 0.6384820342063904, 0.6644474267959595, 0.6644474267959595], "test_loss_cluster": [0.02247227169573307, 0.0, 0.0, 1.2419951417541597e-05, 0.0], "test_acc_cluster": [1.0, 1.0, 1.0, 1.0, 1.0], "train_loss": [0.6438897848129272, 0.671879768371582, 0.7599979639053345, 0.7322757244110107, 0.6773838996887207], "train_acc": [0.7026306986808777, 0.6017315983772278, 0.6160506010055542, 0.6358641386032104, 0.6330336332321167], "train_loss_cluster": [0.022226931527256966, 0.0, 0.0, 1.0975222721754108e-05, 0.0], "train_acc_cluster": [1.0, 1.0, 1.0, 1.0, 1.0], "cluster_percentage": [0.0, 0.25, 0.5, 0.75, 1.0]}